0	4330_Vivaldi	Antonio_Vivaldi		811483
0	Acquasantiere_del_Duomo_di_Siena	Duomo_di_Siena		3574891
0	Adrian_Willaert	Musicisti_della_basilica_di_San_Marco_a_Venezia		642877
0	Alessandro_Grazioli	Musicisti_della_basilica_di_San_Marco_a_Venezia		1409960
0	Alfredo_Bravi	Musicisti_della_basilica_di_San_Marco_a_Venezia		4343186
0	Allegoria_del_colle_della_Sapienza	Duomo_di_Siena		2994659
0	Altare_Piccolomini	Duomo_di_Siena		3109207
0	Altare_del_Duomo_di_Siena	Duomo_di_Siena		3532998
0	Andrea_Gabrieli	Musicisti_della_basilica_di_San_Marco_a_Venezia		2719323
0	Annibale_Padovano	Musicisti_della_basilica_di_San_Marco_a_Venezia		694061
0	Antonio_Biffi	Musicisti_della_basilica_di_San_Marco_a_Venezia		1313591
0	Antonio_Buzzolla	Musicisti_della_basilica_di_San_Marco_a_Venezia		4346382
0	Antonio_Giannettini	Musicisti_della_basilica_di_San_Marco_a_Venezia		1079305
0	Antonio_Lotti	Musicisti_della_basilica_di_San_Marco_a_Venezia		560246
0	Antonio_Pollarolo	Musicisti_della_basilica_di_San_Marco_a_Venezia		727722
0	Antonio_Vivaldi	Antonio_Vivaldi		37546
14	Antonio_Vivaldi	Musicisti_della_basilica_di_San_Marco_a_Venezia		326448
0	Arca_di_san_Zanobi	Cattedrale_di_Santa_Maria_del_Fiore		3680385
0	Arsilda,_regina_di_Ponto	Opere_di_Vivaldi		1299933
0	Ascensione_(Ghiberti)	Vetrate_di_Santa_Maria_del_Fiore		3678220
0	Assunzione_della_Vergine_(Ghiberti)	Vetrate_di_Santa_Maria_del_Fiore		3513394
0	Bajazet_(Vivaldi)	Opere_di_Vivaldi		1391394
0	Baldassare_Donato	Musicisti_della_basilica_di_San_Marco_a_Venezia		775157
0	Baldassare_Galuppi	Musicisti_della_basilica_di_San_Marco_a_Venezia		223043
0	Banchetto_di_Erode_(Donatello_Siena)	Battistero_di_Siena		2021661
0	Basilica_Cattedrale_del_Santissimo_Salvatore	Cattedrali_della_Sicilia		2011253
0	Basilica_Cattedrale_di_Oria	Cattedrali_della_Puglia		1829142
0	Basilica_cattedrale_di_San_Martino	Cattedrali_del_Veneto		1831281
0	Basilica_cattedrale_di_Santa_Maria_Assunta_(Crotone)	Cattedrali_della_Calabria		1217741
0	Basilica_cattedrale_di_Santa_Maria_Assunta_(Lucera)	Cattedrali_della_Puglia		3277291
0	Basilica_cattedrale_di_Santa_Maria_Assunta_(Nardò)	Cattedrali_della_Puglia		2835059
0	Basilica_della_Santa_Casa	Cattedrali_delle_Marche		313864
0	Basilica_di_San_Giovanni_in_Laterano	Basilica_di_San_Giovanni_in_Laterano		135834
14	Basilica_di_San_Giovanni_in_Laterano	Cattedrali_del_Lazio		3972626
0	Basilica_di_San_Marco	Basilica_di_San_Marco_(Venezia)		20796
14	Basilica_di_San_Marco_(Venezia)	Cattedrali_del_Veneto		2980271
0	Basilica_di_Sant'Aurea	Cattedrali_del_Lazio		2100106
0	Basilica_di_Sant'Eufemia_(Grado)	Cattedrali_del_Friuli-Venezia_Giulia		1562418
0	Basilica_di_Santa_Maria_Assunta_(Aquileia)	Cattedrali_del_Friuli-Venezia_Giulia		1247468
0	Basilica_di_Santa_Maria_Maggiore_di_Siponto	Cattedrali_della_Puglia		1975972
0	Basilica_di_Santa_Maria_di_Collemaggio	Cattedrali_dell'Abruzzo		231738
0	Battesimo_di_Cristo_(Donatello)	Duomo_di_Arezzo		2391556
0	Battesimo_di_Cristo_(Ghiberti)	Battistero_di_Siena		3679458
0	Battesimo_di_Cristo_(Tino_di_Camaino)	Sculture_nel_Museo_dell'Opera_del_Duomo_di_Firenze		4000502
0	Battistero_di_San_Giovanni_(Siena)	Battistero_di_Siena		369354
14	Battistero_di_Siena	Duomo_di_Siena		3709035
0	Battistero_lateranense	Basilica_di_San_Giovanni_in_Laterano		487425
0	Beatus_vir_(Vivaldi)	Composizioni_di_Antonio_Vivaldi		1378280
0	Benedetto_Marcello	Musicisti_della_basilica_di_San_Marco_a_Venezia		72988
0	Bonaventura_Furlanetto	Musicisti_della_basilica_di_San_Marco_a_Venezia		1569033
0	Bonifacio_VIII_indice_il_giubileo_del_1300	Basilica_di_San_Giovanni_in_Laterano		3209613
0	Campanile_del_Duomo_di_Siena	Duomo_di_Siena		3708372
0	Campanile_di_Giotto	Campanile_di_Giotto		2742197
14	Campanile_di_Giotto	Cattedrale_di_Santa_Maria_del_Fiore		4095715
0	Campanile_di_San_Marco	Basilica_di_San_Marco_(Venezia)		611067
0	Cantoria_di_Donatello	Opere_già_nella_cattedrale_di_Santa_Maria_del_Fiore|Sculture_nel_Museo_dell'Opera_del_Duomo_di_Firenze		2367489
0	Cantoria_di_Luca_della_Robbia	Opere_già_nella_cattedrale_di_Santa_Maria_del_Fiore|Sculture_nel_Museo_dell'Opera_del_Duomo_di_Firenze		2366270
0	Cappella_Marciana	Basilica_di_San_Marco_(Venezia)		1205623
0	Cappella_di_San_Giovanni_Battista_(Siena)	Duomo_di_Siena		2620717
0	Cappella_musicale_del_Duomo_di_Milano	Duomo_di_Milano		2440964
0	Carlo_Francesco_Pollarolo	Musicisti_della_basilica_di_San_Marco_a_Venezia		1640898
0	Carlo_Monza	Musicisti_del_Duomo_di_Milano		1581842
0	Catalogo_Ryom	Antonio_Vivaldi		542581
0	Catone_in_Utica_(Vivaldi)	Opere_di_Vivaldi		1234194
0	Cattedrale_dei_Santi_Erasmo_e_Marciano_e_di_Santa_Maria_Assunta	Cattedrali_del_Lazio		2426110
0	Cattedrale_dei_Santi_Filippo_e_Giacomo	Cattedrali_della_Campania		3999522
0	Cattedrale_dei_Santi_Nazario,_Celso_e_Vittore	Cattedrali_del_Molise		2977707
0	Cattedrale_dei_Santi_Pietro_e_Paolo_(Ales)	Cattedrali_della_Sardegna		1143419
0	Cattedrale_dell'Annunziata_(Tursi)	Cattedrali_della_Basilicata		2722753
0	Cattedrale_dell'Assunta_(Savona)	Cattedrali_della_Liguria		1873442
0	Cattedrale_dell'Immacolata_(Ozieri)	Cattedrali_della_Sardegna		1451485
0	Cattedrale_della_Madonna_del_Ponte	Cattedrali_dell'Abruzzo		2587853
0	Cattedrale_della_Santissima_Trinità_(Campobasso)	Cattedrali_del_Molise		2752394
0	Cattedrale_di_Acerra	Cattedrali_della_Campania		3092793
0	Cattedrale_di_Acireale	Cattedrali_della_Sicilia		684932
0	Cattedrale_di_Alife	Cattedrali_della_Campania		2428319
0	Cattedrale_di_Andria	Cattedrali_della_Puglia		3010569
0	Cattedrale_di_Aosta	Cattedrali_cattoliche_d'Italia		77251
0	Cattedrale_di_Avellino	Cattedrali_della_Campania		3092822
0	Cattedrale_di_Avezzano	Cattedrali_dell'Abruzzo		2989573
0	Cattedrale_di_Brindisi	Cattedrali_della_Puglia		1690907
0	Cattedrale_di_Caltanissetta	Cattedrali_della_Sicilia		2825328
0	Cattedrale_di_Cassano_all'Ionio	Cattedrali_della_Calabria		3571898
0	Cattedrale_di_Castellaneta	Cattedrali_della_Puglia		3010576
0	Cattedrale_di_Cerreto_Sannita	Cattedrali_della_Campania		1926230
0	Cattedrale_di_Conversano	Cattedrali_della_Puglia		2243217
0	Cattedrale_di_Cristo_Re_(La_Spezia)	Cattedrali_della_Liguria		2249483
0	Cattedrale_di_Fabriano	Cattedrali_delle_Marche		2844332
0	Cattedrale_di_Foggia	Cattedrali_della_Puglia		2351870
0	Cattedrale_di_Ischia	Cattedrali_della_Campania		3092870
0	Cattedrale_di_Luni	Cattedrali_della_Liguria		1332131
0	Cattedrale_di_Manfredonia	Cattedrali_della_Puglia		1173719
0	Cattedrale_di_Maria_Santissima_Achiropita	Cattedrali_della_Calabria		4409224
0	Cattedrale_di_Matera	Cattedrali_della_Basilicata		1841472
0	Cattedrale_di_Napoli	Cattedrali_della_Campania		354857
0	Cattedrale_di_Nocera_Inferiore	Cattedrali_della_Campania		1612658
0	Cattedrale_di_Nola	Cattedrali_della_Campania		3092887
0	Cattedrale_di_Nostra_Signora_dell'Orto	Cattedrali_della_Liguria		887712
0	Cattedrale_di_Noto	Cattedrali_della_Sicilia		1384880
0	Cattedrale_di_Nusco	Cattedrali_della_Campania		4118947
0	Cattedrale_di_Oppido_Mamertina	Cattedrali_della_Calabria		4154395
0	Cattedrale_di_Otranto	Cattedrali_della_Puglia		2499819
0	Cattedrale_di_Palermo	Cattedrali_della_Sicilia		110040
0	Cattedrale_di_Piazza_Armerina	Cattedrali_della_Sicilia		3495389
0	Cattedrale_di_Salerno	Cattedrali_della_Campania		229296
0	Cattedrale_di_San_Cataldo	Cattedrali_della_Puglia		359407
0	Cattedrale_di_San_Cerbone	Cattedrali_della_provincia_di_Grosseto		822369
0	Cattedrale_di_San_Cetteo	Cattedrali_dell'Abruzzo		2472952
0	Cattedrale_di_San_Clemente_(Velletri)	Cattedrali_del_Lazio		1603919
0	Cattedrale_di_San_Demetrio_Megalomartire	Cattedrali_della_Sicilia		3527548
0	Cattedrale_di_San_Donato_(Mondovì)	Cattedrali_del_Piemonte		2833102
0	Cattedrale_di_San_Donato_(Pinerolo)	Cattedrali_del_Piemonte		2833105
0	Cattedrale_di_San_Feliciano	Cattedrali_dell'Umbria		1537714
0	Cattedrale_di_San_Francesco_(Civitavecchia)	Cattedrali_del_Lazio		2537501
0	Cattedrale_di_San_Gerardo	Cattedrali_della_Basilicata		4080489
0	Cattedrale_di_San_Gerlando	Cattedrali_della_Sicilia		3223106
0	Cattedrale_di_San_Giorgio_(Ferrara)	Cattedrali_dell'Emilia-Romagna		898158
0	Cattedrale_di_San_Giovanni_Battista_(Ragusa)	Cattedrali_della_Sicilia		537596
0	Cattedrale_di_San_Giustino	Cattedrali_dell'Abruzzo		1645119
0	Cattedrale_di_San_Giusto_(Susa)	Cattedrali_del_Piemonte		231058
0	Cattedrale_di_San_Giusto_(Trieste)	Cattedrali_del_Friuli-Venezia_Giulia		1173285
0	Cattedrale_di_San_Lorenzo_(Genova)	Cattedrali_della_Liguria		278726
0	Cattedrale_di_San_Lorenzo_(Perugia)	Cattedrali_dell'Umbria		1198777
0	Cattedrale_di_San_Lorenzo_(Trapani)	Cattedrali_della_Sicilia		1287956
0	Cattedrale_di_San_Marco	Cattedrali_del_Lazio		3499344
0	Cattedrale_di_San_Michele_Arcangelo_(Albenga)	Cattedrali_della_Liguria		1706339
0	Cattedrale_di_San_Michele_Arcangelo_(Caserta)	Cattedrali_della_Campania		4310561
0	Cattedrale_di_San_Nicola_(Sassari)	Cattedrali_della_Sardegna		1145321
0	Cattedrale_di_San_Pancrazio	Cattedrali_del_Lazio		1408573
0	Cattedrale_di_San_Panfilo	Cattedrali_dell'Abruzzo		1672277
0	Cattedrale_di_San_Pantaleone	Cattedrali_della_Campania		3648512
0	Cattedrale_di_San_Paolo_(Aversa)	Cattedrali_della_Campania		3092848
0	Cattedrale_di_San_Pietro_(Bologna)	Cattedrali_dell'Emilia-Romagna		801401
0	Cattedrale_di_San_Pietro_(Frascati)	Cattedrali_del_Lazio		1407751
0	Cattedrale_di_San_Pietro_(Tempio_Pausania)	Cattedrali_della_Sardegna		1445573
0	Cattedrale_di_San_Pietro_Apostolo_(Cerignola)	Cattedrali_della_Puglia		1412867
0	Cattedrale_di_San_Pietro_Apostolo_(Isernia)	Cattedrali_del_Molise		1661127
0	Cattedrale_di_San_Pietro_apostolo_(Senigallia)	Cattedrali_delle_Marche		2878390
0	Cattedrale_di_San_Rufino	Cattedrali_dell'Umbria		2243354
0	Cattedrale_di_San_Sabino	Cattedrali_della_Puglia		199325
0	Cattedrale_di_San_Vigilio	Cattedrali_del_Trentino-Alto_Adige		925191
0	Cattedrale_di_San_Zeno	Cattedrali_della_provincia_di_Pistoia		548239
0	Cattedrale_di_Sant'Agapito_martire	Cattedrali_del_Lazio		2912565
0	Cattedrale_di_Sant'Agata	Cattedrali_della_Sicilia		327558
0	Cattedrale_di_Sant'Andrea_(Asola)	Cattedrali_della_Lombardia		3544633
0	Cattedrale_di_Sant'Emidio	Cattedrali_delle_Marche		1778168
0	Cattedrale_di_Santa_Chiara	Cattedrali_della_Sardegna		1454838
0	Cattedrale_di_Santa_Croce	Cattedrali_dell'Emilia-Romagna		336913
0	Cattedrale_di_Santa_Lucia	Cattedrali_della_Sicilia		4754249
0	Cattedrale_di_Santa_Maria_(Alghero)	Cattedrali_della_Sardegna		1232318
0	Cattedrale_di_Santa_Maria_(Anagni)	Cattedrali_del_Lazio		2325543
0	Cattedrale_di_Santa_Maria_(Cagliari)	Cattedrali_della_Sardegna		492653
0	Cattedrale_di_Santa_Maria_(Lodi_Vecchio)	Cattedrali_della_Lombardia		3109006
0	Cattedrale_di_Santa_Maria_Annunciata	Cattedrali_del_Veneto		1117971
0	Cattedrale_di_Santa_Maria_Assunta_(Acqui_Terme)	Cattedrali_del_Piemonte		2833064
0	Cattedrale_di_Santa_Maria_Assunta_(Altamura)	Cattedrali_della_Puglia		3037471
0	Cattedrale_di_Santa_Maria_Assunta_(Ariano_Irpino)	Cattedrali_della_Campania		2915886
0	Cattedrale_di_Santa_Maria_Assunta_(Asti)	Cattedrali_del_Piemonte		483144
0	Cattedrale_di_Santa_Maria_Assunta_(Chioggia)	Cattedrali_del_Veneto		2821547
0	Cattedrale_di_Santa_Maria_Assunta_(Fano)	Cattedrali_delle_Marche		2856648
0	Cattedrale_di_Santa_Maria_Assunta_(Frosinone)	Cattedrali_del_Lazio		1085845
0	Cattedrale_di_Santa_Maria_Assunta_(Melfi)	Cattedrali_della_Basilicata		2044382
0	Cattedrale_di_Santa_Maria_Assunta_(Molfetta)	Cattedrali_della_Puglia		3046190
0	Cattedrale_di_Santa_Maria_Assunta_(Oristano)	Cattedrali_della_Sardegna		1478984
0	Cattedrale_di_Santa_Maria_Assunta_(Pesaro)	Cattedrali_delle_Marche		2868024
0	Cattedrale_di_Santa_Maria_Assunta_(Rieti)	Cattedrali_del_Lazio		2933571
0	Cattedrale_di_Santa_Maria_Assunta_(San_Severo)	Cattedrali_della_Puglia		2882081
0	Cattedrale_di_Santa_Maria_Assunta_(Sora)	Cattedrali_del_Lazio		2067100
0	Cattedrale_di_Santa_Maria_Assunta_(Tricarico)	Cattedrali_della_Basilicata		3092784
0	Cattedrale_di_Santa_Maria_Assunta_(Ugento)	Cattedrali_della_Puglia		3028700
0	Cattedrale_di_Santa_Maria_Assunta_(Ventimiglia)	Cattedrali_della_Liguria		1795211
0	Cattedrale_di_Santa_Maria_Assunta_(Vittorio_Veneto)	Cattedrali_del_Veneto		2591143
0	Cattedrale_di_Santa_Maria_Assunta_e_San_Canio_vescovo	Cattedrali_della_Basilicata		3212798
0	Cattedrale_di_Santa_Maria_Assunta_e_di_San_Genesio	Cattedrali_della_provincia_di_Pisa		822594
0	Cattedrale_di_Santa_Maria_Maddalena	Cattedrali_della_Sardegna		1446405
0	Cattedrale_di_Santa_Maria_Maggiore_(Teggiano)	Cattedrali_della_Campania		3114160
0	Cattedrale_di_Santa_Maria_del_Fiore	Cattedrale_di_Santa_Maria_del_Fiore		249880
14	Cattedrale_di_Santa_Maria_del_Fiore	Cattedrali_della_provincia_di_Firenze		2980288
0	Cattedrale_di_Santa_Maria_della_Marina	Cattedrali_delle_Marche		2868041
0	Cattedrale_di_Santa_Maria_della_Neve	Cattedrali_della_Sardegna		1084879
0	Cattedrale_di_Santa_Maria_della_Purificazione	Cattedrali_del_Molise		2336890
0	Cattedrale_di_Santo_Stefano_protomartire	Cattedrali_del_Veneto		2821524
0	Cattedrale_di_Sessa_Aurunca	Cattedrali_della_Campania		3101513
0	Cattedrale_di_Trani	Cattedrali_della_Puglia		1306142
0	Cattedrale_di_Tropea	Cattedrali_della_Calabria		3310881
14	Cattedrali_cattoliche_d'Italia	Cattedrali_d'Italia		2816376
14	Cattedrali_del_Friuli-Venezia_Giulia	Cattedrali_cattoliche_d'Italia		2848715
14	Cattedrali_del_Lazio	Cattedrali_cattoliche_d'Italia		1646105
14	Cattedrali_del_Molise	Cattedrali_cattoliche_d'Italia		2336743
14	Cattedrali_del_Piemonte	Cattedrali_cattoliche_d'Italia		1646723
14	Cattedrali_del_Trentino-Alto_Adige	Cattedrali_cattoliche_d'Italia		1646814
14	Cattedrali_del_Veneto	Cattedrali_cattoliche_d'Italia		1646753
14	Cattedrali_dell'Abruzzo	Cattedrali_cattoliche_d'Italia		1646185
14	Cattedrali_dell'Emilia-Romagna	Cattedrali_cattoliche_d'Italia		1646685
14	Cattedrali_dell'Umbria	Cattedrali_cattoliche_d'Italia		1646138
14	Cattedrali_della_Basilicata	Cattedrali_cattoliche_d'Italia		1788987
14	Cattedrali_della_Calabria	Cattedrali_cattoliche_d'Italia		1645953
14	Cattedrali_della_Campania	Cattedrali_cattoliche_d'Italia		1646037
14	Cattedrali_della_Liguria	Cattedrali_cattoliche_d'Italia		1646206
14	Cattedrali_della_Lombardia	Cattedrali_cattoliche_d'Italia		1646709
14	Cattedrali_della_Puglia	Cattedrali_cattoliche_d'Italia		1645991
14	Cattedrali_della_Sardegna	Cattedrali_cattoliche_d'Italia		1645862
14	Cattedrali_della_Sicilia	Cattedrali_cattoliche_d'Italia		1645907
14	Cattedrali_della_Toscana	Cattedrali_cattoliche_d'Italia		1646564
14	Cattedrali_della_provincia_di_Arezzo	Cattedrali_della_Toscana		1801575
14	Cattedrali_della_provincia_di_Firenze	Cattedrali_della_Toscana		1801576
14	Cattedrali_della_provincia_di_Grosseto	Cattedrali_della_Toscana		1801571
14	Cattedrali_della_provincia_di_Livorno	Cattedrali_della_Toscana		1801582
14	Cattedrali_della_provincia_di_Lucca	Cattedrali_della_Toscana		1801584
14	Cattedrali_della_provincia_di_Massa_e_Carrara	Cattedrali_della_Toscana		2794018
14	Cattedrali_della_provincia_di_Pisa	Cattedrali_della_Toscana		1801581
14	Cattedrali_della_provincia_di_Pistoia	Cattedrali_della_Toscana		1801578
14	Cattedrali_della_provincia_di_Prato	Cattedrali_della_Toscana		1801587
14	Cattedrali_della_provincia_di_Siena	Cattedrali_della_Toscana		1801574
14	Cattedrali_delle_Marche	Cattedrali_cattoliche_d'Italia		1646160
0	Cattedrali_in_Italia	Cattedrali_d'Italia		3978848
0	Cattura_del_Battista	Battistero_di_Siena		3679435
0	Cavalli_di_San_Marco	Basilica_di_San_Marco_(Venezia)		1739585
0	Chiesa_di_San_Domenico_(Fermo)	Cattedrali_delle_Marche		3256265
0	Chiesa_di_Santa_Reparata	Cattedrale_di_Santa_Maria_del_Fiore		97042
0	Cipriano_de_Rore	Musicisti_della_basilica_di_San_Marco_a_Venezia		644164
0	Claudio_Merulo	Musicisti_della_basilica_di_San_Marco_a_Venezia		294514
0	Claudio_Monteverdi	Musicisti_della_basilica_di_San_Marco_a_Venezia		20709
14	Composizioni_di_Antonio_Vivaldi	Antonio_Vivaldi		4109589
0	Concattedrale_Gran_Madre_di_Dio	Cattedrali_della_Puglia		4367851
0	Concattedrale_dei_Santi_Alberto_e_Marziale	Cattedrali_della_provincia_di_Siena		822464
0	Concattedrale_della_Santissima_Annunziata	Cattedrali_dell'Umbria		1225797
0	Concattedrale_di_Santa_Maria_Maggiore	Cattedrali_della_Puglia		2008631
0	Concerto_per_archi_e_basso_continuo_RV_154	Composizioni_di_Antonio_Vivaldi		3069781
0	Creazione_di_Eva_(Donatello)	Sculture_nel_Museo_dell'Opera_del_Duomo_di_Firenze		2367864
0	Cripta_del_Duomo_di_Siena	Duomo_di_Siena		3720290
0	Cristo_in_trono_tra_la_Vergine_e_san_Giovanni	Duomo_di_Pisa		4668826
0	Cristo_risorto_(Pietro_Lorenzetti)	Dipinti_nel_Museo_dell'Opera_del_Duomo_di_Siena		4151290
0	Croce_del_Tesoro_di_San_Giovanni	Opere_nel_Museo_dell'Opera_del_Duomo_di_Firenze		2598980
0	Cupola_del_Brunelleschi	Cattedrale_di_Santa_Maria_del_Fiore		2358312
0	David_(Donatello,_marmo)	Opere_già_nella_cattedrale_di_Santa_Maria_del_Fiore		2383266
0	Decorazioni_scultoree_del_Duomo_di_Fidenza	Cattedrali_dell'Emilia-Romagna		3196074
14	Dipinti_nel_Museo_dell'Opera_del_Duomo_di_Siena	Opere_nel_Museo_dell'Opera_del_Duomo_di_Siena		3005085
14	Dipinti_nella_cattedrale_di_Santa_Maria_del_Fiore	Cattedrale_di_Santa_Maria_del_Fiore		3978226
0	Dodici_concerti,_Op._7_(Vivaldi)	Composizioni_di_Antonio_Vivaldi		3110398
0	Dorilla_in_Tempe	Opere_di_Vivaldi		1479009
0	Dormitio_Virginis_(Arnolfo_di_Cambio)	Opere_già_nella_cattedrale_di_Santa_Maria_del_Fiore		4095577
0	Duomo_dell'Aquila	Cattedrali_dell'Abruzzo		2316582
0	Duomo_di_Adria	Cattedrali_del_Veneto		2372768
0	Duomo_di_Alba	Cattedrali_del_Piemonte		820614
0	Duomo_di_Alessandria	Cattedrali_del_Piemonte		2833070
0	Duomo_di_Amalfi	Cattedrali_della_Campania		894269
0	Duomo_di_Ancona	Cattedrali_delle_Marche		1027035
0	Duomo_di_Arezzo	Duomo_di_Arezzo		822268
14	Duomo_di_Arezzo	Cattedrali_della_provincia_di_Arezzo		3979898
0	Duomo_di_Benevento	Cattedrali_della_Campania		2240215
0	Duomo_di_Bergamo	Cattedrali_della_Lombardia		562019
0	Duomo_di_Biella	Cattedrali_del_Piemonte		1194107
0	Duomo_di_Bressanone	Cattedrali_del_Trentino-Alto_Adige		1091256
0	Duomo_di_Camerino	Cattedrali_delle_Marche		2844340
0	Duomo_di_Capua	Cattedrali_della_Campania		3092866
0	Duomo_di_Carini	Cattedrali_della_Sicilia		2220853
0	Duomo_di_Carpi	Cattedrali_dell'Emilia-Romagna		2833148
0	Duomo_di_Casale_Monferrato	Cattedrali_del_Piemonte		713437
0	Duomo_di_Cefalù	Cattedrali_della_Sicilia		886708
0	Duomo_di_Cesena	Cattedrali_dell'Emilia-Romagna		2219768
0	Duomo_di_Chiusi	Cattedrali_della_provincia_di_Siena		822458
0	Duomo_di_Città_di_Castello	Cattedrali_dell'Umbria		2892205
0	Duomo_di_Civita_Castellana	Cattedrali_del_Lazio		3093132
0	Duomo_di_Como	Cattedrali_della_Lombardia		841016
0	Duomo_di_Cortona	Cattedrali_della_provincia_di_Arezzo		822321
0	Duomo_di_Cosenza	Cattedrali_della_Calabria		669126
0	Duomo_di_Crema	Cattedrali_della_Lombardia		1176362
0	Duomo_di_Cremona	Cattedrali_della_Lombardia		116819
0	Duomo_di_Cuneo	Cattedrali_del_Piemonte		2833074
0	Duomo_di_Faenza	Cattedrali_dell'Emilia-Romagna		1951772
0	Duomo_di_Fermo	Cattedrali_delle_Marche		2402318
0	Duomo_di_Fidenza	Cattedrali_dell'Emilia-Romagna		1089671
0	Duomo_di_Fiesole	Cattedrali_della_provincia_di_Firenze		822345
0	Duomo_di_Fossano	Cattedrali_del_Piemonte		1467140
0	Duomo_di_Gorizia	Cattedrali_del_Friuli-Venezia_Giulia		2458010
0	Duomo_di_Grosseto	Cattedrali_della_provincia_di_Grosseto		822477
0	Duomo_di_Gubbio	Cattedrali_dell'Umbria		2902012
0	Duomo_di_Imola	Cattedrali_dell'Emilia-Romagna		2003742
0	Duomo_di_Ivrea	Cattedrali_del_Piemonte		104796
0	Duomo_di_Jesi	Cattedrali_delle_Marche		2868020
0	Duomo_di_Lecce	Cattedrali_della_Puglia		2310724
0	Duomo_di_Livorno	Cattedrali_della_provincia_di_Livorno		822244
0	Duomo_di_Lodi	Cattedrali_della_Lombardia		1048155
0	Duomo_di_Lucca	Cattedrali_della_provincia_di_Lucca		771253
0	Duomo_di_Macerata	Cattedrali_delle_Marche		2278893
0	Duomo_di_Mantova	Cattedrali_della_Lombardia		716582
0	Duomo_di_Massa	Cattedrali_della_provincia_di_Massa_e_Carrara		822355
0	Duomo_di_Messina	Cattedrali_della_Sicilia		463150
0	Duomo_di_Milano	Duomo_di_Milano		20143
14	Duomo_di_Milano	Cattedrali_della_Lombardia		4005482
0	Duomo_di_Modena	Cattedrali_dell'Emilia-Romagna		124430
0	Duomo_di_Monreale	Cattedrali_della_Sicilia		89873
0	Duomo_di_Montalcino	Cattedrali_della_provincia_di_Siena		822494
0	Duomo_di_Montepulciano	Cattedrali_della_provincia_di_Siena		822508
0	Duomo_di_Novara	Cattedrali_del_Piemonte		1076850
0	Duomo_di_Orbetello	Cattedrali_della_provincia_di_Grosseto		822523
0	Duomo_di_Orvieto	Cattedrali_dell'Umbria		552194
0	Duomo_di_Padova	Cattedrali_del_Veneto		396585
0	Duomo_di_Parma	Cattedrali_dell'Emilia-Romagna		713168
0	Duomo_di_Pavia	Cattedrali_della_Lombardia		364448
0	Duomo_di_Pennabilli	Cattedrali_dell'Emilia-Romagna		2833177
0	Duomo_di_Pescia	Cattedrali_della_provincia_di_Pistoia		822540
0	Duomo_di_Piacenza	Cattedrali_dell'Emilia-Romagna		1987710
0	Duomo_di_Pienza	Cattedrali_della_provincia_di_Siena		822226
0	Duomo_di_Piombino	Cattedrali_della_provincia_di_Livorno		822551
0	Duomo_di_Pisa	Duomo_di_Pisa		559459
14	Duomo_di_Pisa	Cattedrali_della_provincia_di_Pisa		4032170
0	Duomo_di_Pitigliano	Cattedrali_della_provincia_di_Grosseto		822564
0	Duomo_di_Pontremoli	Cattedrali_della_provincia_di_Massa_e_Carrara		822578
0	Duomo_di_Prato	Cattedrali_della_provincia_di_Prato		678457
0	Duomo_di_Ravenna	Cattedrali_dell'Emilia-Romagna		721932
0	Duomo_di_Reggio_Calabria	Cattedrali_della_Calabria		335223
0	Duomo_di_Reggio_Emilia	Cattedrali_dell'Emilia-Romagna		24562
0	Duomo_di_Saluzzo	Cattedrali_del_Piemonte		2833111
0	Duomo_di_Sansepolcro	Cattedrali_della_provincia_di_Arezzo		822602
0	Duomo_di_Sant'Angelo_dei_Lombardi	Cattedrali_della_Campania		3092964
0	Duomo_di_Siena	Duomo_di_Siena		80362
14	Duomo_di_Siena	Cattedrali_della_provincia_di_Siena		2990994
0	Duomo_di_Siracusa	Cattedrali_della_Sicilia		195476
0	Duomo_di_Sovana	Cattedrali_della_provincia_di_Grosseto		822672
0	Duomo_di_Spoleto	Cattedrali_dell'Umbria		2319181
0	Duomo_di_Teramo	Cattedrali_dell'Abruzzo		1351112
0	Duomo_di_Terni	Cattedrali_dell'Umbria		2912561
0	Duomo_di_Tivoli	Cattedrali_del_Lazio		2933562
0	Duomo_di_Torino	Cattedrali_del_Piemonte		552519
0	Duomo_di_Tortona	Cattedrali_del_Piemonte		1195852
0	Duomo_di_Treviso	Cattedrali_del_Veneto		2066818
0	Duomo_di_Tuscania	Cattedrali_del_Lazio		1159816
0	Duomo_di_Udine	Cattedrali_del_Friuli-Venezia_Giulia		1351510
0	Duomo_di_Urbino	Cattedrali_delle_Marche		522746
0	Duomo_di_Vercelli	Cattedrali_del_Piemonte		2833120
0	Duomo_di_Verona	Cattedrali_del_Veneto		1180719
0	Duomo_di_Vigevano	Cattedrali_della_Lombardia		2548243
0	Duomo_di_Volterra	Cattedrali_della_provincia_di_Pisa		822693
0	Duomo_nuovo	Cattedrali_della_Lombardia		2497860
0	Ercole_su'l_Termodonte	Opere_di_Vivaldi		1366230
0	Facciata_di_Santa_Maria_del_Fiore	Cattedrale_di_Santa_Maria_del_Fiore		4094857
0	Farnace_(opera)	Opere_di_Vivaldi		3477370
0	Fede_(Donatello)	Battistero_di_Siena		2390010
0	Fede_(Tino_di_Camaino)	Sculture_nel_Museo_dell'Opera_del_Duomo_di_Firenze		4000301
0	Ferdinando_Bertoni	Musicisti_della_basilica_di_San_Marco_a_Venezia		537646
0	Fonte_battesimale_del_battistero_di_Siena	Battistero_di_Siena		3699522
0	Francesco_Brusa	Musicisti_della_basilica_di_San_Marco_a_Venezia		1273805
0	Francesco_Cavalli	Musicisti_della_basilica_di_San_Marco_a_Venezia		318220
0	Francesco_Usper	Musicisti_della_basilica_di_San_Marco_a_Venezia		4748162
0	Franchino_Gaffurio	Musicisti_del_Duomo_di_Milano		1201328
0	Geremia_(Donatello)	Opere_già_nel_campanile_di_Giotto|Sculture_nel_Museo_dell'Opera_del_Duomo_di_Firenze		2385378
0	Giacomo_Giuseppe_Saratelli	Musicisti_della_basilica_di_San_Marco_a_Venezia		4349950
0	Giambattista_Volpe	Musicisti_della_basilica_di_San_Marco_a_Venezia		4349852
0	Gian_Domenico_Partenio	Musicisti_della_basilica_di_San_Marco_a_Venezia		1326120
0	Gioseffo_Zarlino	Musicisti_della_basilica_di_San_Marco_a_Venezia		586595
0	Giovanni_Agostino_Perotti	Musicisti_della_basilica_di_San_Marco_a_Venezia		4742824
0	Giovanni_Battista_Grazioli	Musicisti_della_basilica_di_San_Marco_a_Venezia		1410051
0	Giovanni_Battista_Pescetti	Musicisti_della_basilica_di_San_Marco_a_Venezia		1210854
0	Giovanni_Croce	Musicisti_della_basilica_di_San_Marco_a_Venezia		255337
0	Giovanni_Gabrieli	Musicisti_della_basilica_di_San_Marco_a_Venezia		310638
0	Giovanni_Legrenzi	Musicisti_della_basilica_di_San_Marco_a_Venezia		561521
0	Giovanni_Priuli	Musicisti_della_basilica_di_San_Marco_a_Venezia		1908002
0	Giovanni_Rovetta	Musicisti_della_basilica_di_San_Marco_a_Venezia		1205781
0	Giovanni_Tebaldini	Musicisti_della_basilica_di_San_Marco_a_Venezia		1728779
0	Giulio_Cesare_Martinengo	Musicisti_della_basilica_di_San_Marco_a_Venezia		775709
0	Giuseppe_Antonio_Capuzzi	Musicisti_della_basilica_di_San_Marco_a_Venezia		1716522
0	Giuseppe_Gallignani	Musicisti_del_Duomo_di_Milano		2571322
0	Giuseppe_Maria_Boschi	Musicisti_della_basilica_di_San_Marco_a_Venezia		1516563
0	Giuseppe_Sarti	Musicisti_del_Duomo_di_Milano		497590
0	Giustino_(Vivaldi)	Opere_di_Vivaldi		3364952
0	Gloria_(Vivaldi)	Composizioni_di_Antonio_Vivaldi		727589
0	Griselda_(Vivaldi)	Opere_di_Vivaldi		638066
0	Il_Gran_Mogol	Opere_di_Vivaldi		4060332
0	Il_cimento_dell'armonia_e_dell'inventione	Composizioni_di_Antonio_Vivaldi		1280415
0	Il_pastor_fido_(sonate)	Composizioni_di_Antonio_Vivaldi		1280426
0	Incoronazione_della_Vergine_(Donatello)	Vetrate_di_Santa_Maria_del_Fiore		2393304
0	Incoronazione_di_Pio_III	Duomo_di_Siena		2994599
0	Ipermestra	Opere_di_Vivaldi		59484
0	Jacques_Arcadelt	Musicisti_della_basilica_di_San_Marco_a_Venezia		150343
0	Jean_Mouton	Musicisti_della_basilica_di_San_Marco_a_Venezia		751469
0	Johann_Christian_Bach	Musicisti_del_Duomo_di_Milano		221008
0	Johannes_de_Quadris	Musicisti_della_basilica_di_San_Marco_a_Venezia		3569277
0	Josquin_Desprez	Musicisti_del_Duomo_di_Milano		204483
0	Juditha_triumphans_devicta_Holofernis_barbarie	Composizioni_di_Antonio_Vivaldi		708285
0	L'Adelaide	Opere_di_Vivaldi		1908667
0	L'Atenaide	Opere_di_Vivaldi		1461410
0	L'estro_armonico	Composizioni_di_Antonio_Vivaldi		1280418
0	L'incoronazione_di_Dario	Opere_di_Vivaldi		1381598
0	La_Candace_o_siano_Li_veri_amici	Opere_di_Vivaldi		1908009
0	La_Sena_festeggiante	Opere_di_Vivaldi		1295114
0	La_Silvia	Opere_di_Vivaldi		1443986
0	La_cetra	Composizioni_di_Antonio_Vivaldi		1370949
0	La_costanza_trionfante_degl'amori_e_degl'odii	Opere_di_Vivaldi		1907803
0	La_fida_ninfa	Opere_di_Vivaldi		1907933
0	La_stravaganza	Composizioni_di_Antonio_Vivaldi		831351
0	La_verità_in_cimento	Opere_di_Vivaldi		1910480
0	Lastra_tombale_di_Giovanni_Pecci	Duomo_di_Siena		2390443
0	Le_quattro_stagioni	Composizioni_di_Antonio_Vivaldi		326336
0	Libreria_Piccolomini	Duomo_di_Siena		2742460
0	Lorenzo_Perosi	Musicisti_della_basilica_di_San_Marco_a_Venezia		51895
0	Maddalena_penitente_(Donatello)	Sculture_nel_Museo_dell'Opera_del_Duomo_di_Firenze		2372033
0	Madonna_dagli_occhi_di_vetro	Opere_già_nella_cattedrale_di_Santa_Maria_del_Fiore|Sculture_nel_Museo_dell'Opera_del_Duomo_di_Firenze		4095476
0	Madonna_dagli_occhi_grossi	Dipinti_nel_Museo_dell'Opera_del_Duomo_di_Siena		4672719
0	Madonna_del_Perdono	Opere_nel_Museo_dell'Opera_del_Duomo_di_Siena		2410179
0	Madonna_del_Voto	Duomo_di_Siena		4712877
0	Madonna_della_Natività	Opere_già_nella_cattedrale_di_Santa_Maria_del_Fiore|Sculture_nel_Museo_dell'Opera_del_Duomo_di_Firenze		4095489
0	Madonna_di_Crevole	Dipinti_nel_Museo_dell'Opera_del_Duomo_di_Siena		3004581
0	Madonna_di_San_Martino_(Jacopo_della_Quercia)	Opere_nel_Museo_dell'Opera_del_Duomo_di_Siena		2485218
0	Madonnina	Duomo_di_Milano		2989710
0	Maestà_del_Duomo_di_Siena	Dipinti_nel_Museo_dell'Opera_del_Duomo_di_Siena		1218412
0	Magnificat_RV_611	Composizioni_di_Antonio_Vivaldi		4342527
0	Marco_Antonio_Cavazzoni	Musicisti_della_basilica_di_San_Marco_a_Venezia		730976
0	Marco_Gemmani	Musicisti_della_basilica_di_San_Marco_a_Venezia		2073916
0	Maria_Maddalena_(Piero_della_Francesca)	Duomo_di_Arezzo		126266
0	Marziano_Perosi	Musicisti_del_Duomo_di_Milano		1205412
0	Massimiliano_Neri	Musicisti_della_basilica_di_San_Marco_a_Venezia		1116192
0	Matteo_Tosi_(compositore)	Musicisti_della_basilica_di_San_Marco_a_Venezia		4343097
0	Matteo_da_Perugia	Musicisti_del_Duomo_di_Milano		750405
0	Mio_cor,_povero_cor	Opere_di_Vivaldi		1553314
0	Monumento_ai_Tetrarchi	Basilica_di_San_Marco_(Venezia)		1967816
0	Monumento_equestre_a_Giovanni_Acuto	Dipinti_nella_cattedrale_di_Santa_Maria_del_Fiore		2558571
0	Monumento_equestre_a_Niccolò_da_Tolentino	Dipinti_nella_cattedrale_di_Santa_Maria_del_Fiore		2594062
0	Monumento_funebre_di_Guido_Tarlati	Duomo_di_Arezzo		3979901
0	Motezuma	Opere_di_Vivaldi		1099523
0	Museo_dell'Opera_del_Duomo_(Firenze)	Museo_dell'Opera_del_Duomo_di_Firenze		438980
0	Museo_dell'Opera_del_Duomo_(Pisa)	Duomo_di_Pisa		1630269
0	Museo_dell'Opera_del_Duomo_(Siena)	Museo_dell'Opera_del_Duomo_di_Siena		901933
14	Museo_dell'Opera_del_Duomo_di_Firenze	Cattedrale_di_Santa_Maria_del_Fiore		2365789
14	Museo_dell'Opera_del_Duomo_di_Siena	Duomo_di_Siena		2321017
14	Musicisti_del_Duomo_di_Milano	Duomo_di_Milano		2407537
14	Musicisti_della_basilica_di_San_Marco_a_Venezia	Basilica_di_San_Marco_(Venezia)		2923824
0	Natale_Monferrato	Musicisti_della_basilica_di_San_Marco_a_Venezia		4353136
0	Natività_(Paolo_Uccello)	Vetrate_di_Santa_Maria_del_Fiore		3678132
0	Natività_della_Vergine_(Pietro_Lorenzetti)	Dipinti_nel_Museo_dell'Opera_del_Duomo_di_Siena		2321009
0	Nicolò_Coccon	Musicisti_della_basilica_di_San_Marco_a_Venezia		4346551
0	Nulla_in_mundo_pax_sincera	Composizioni_di_Antonio_Vivaldi		2539918
14	Opere_di_Vivaldi	Composizioni_di_Antonio_Vivaldi		588108
14	Opere_già_nel_campanile_di_Giotto	Campanile_di_Giotto|Opere_già_nella_cattedrale_di_Santa_Maria_del_Fiore		4095716
14	Opere_già_nella_cattedrale_di_Santa_Maria_del_Fiore	Cattedrale_di_Santa_Maria_del_Fiore		4095706
14	Opere_nel_Museo_dell'Opera_del_Duomo_di_Firenze	Museo_dell'Opera_del_Duomo_di_Firenze		2365790
14	Opere_nel_Museo_dell'Opera_del_Duomo_di_Siena	Museo_dell'Opera_del_Duomo_di_Siena		2321014
0	Orazione_nell'orto_(Ghiberti)	Vetrate_di_Santa_Maria_del_Fiore		3678228
0	Oreste_Ravanello	Musicisti_della_basilica_di_San_Marco_a_Venezia		1728681
0	Organi_del_duomo_di_Pisa	Duomo_di_Pisa		4032185
0	Organi_della_basilica_di_San_Giovanni_in_Laterano	Basilica_di_San_Giovanni_in_Laterano		3214150
0	Organo_del_Duomo_di_Milano	Duomo_di_Milano		4005353
0	Orlando_(Vivaldi)	Opere_di_Vivaldi		1907875
0	Orlando_finto_pazzo	Opere_di_Vivaldi		1288343
0	Orlando_furioso_(Ristori)	Opere_di_Vivaldi		1776476
0	Orologio_di_Santa_Maria_del_Fiore	Dipinti_nella_cattedrale_di_Santa_Maria_del_Fiore		3678009
0	Ottone_in_villa	Opere_di_Vivaldi		1288276
0	Pala_d'oro	Basilica_di_San_Marco_(Venezia)		1204511
0	Palazzo_del_Laterano	Basilica_di_San_Giovanni_in_Laterano		236784
0	Parato_di_San_Giovanni	Opere_nel_Museo_dell'Opera_del_Duomo_di_Firenze		2897894
0	Pavimento_del_Duomo_di_Siena	Duomo_di_Siena		3710323
0	Piazza_del_Duomo_(Milano)	Duomo_di_Milano		1177442
0	Pierpaolo_Turetta	Musicisti_della_basilica_di_San_Marco_a_Venezia		2383997
0	Pietro_Andrea_Ziani	Musicisti_della_basilica_di_San_Marco_a_Venezia		1073987
0	Pietro_Magri	Musicisti_della_basilica_di_San_Marco_a_Venezia		690748
0	Pietro_Platania	Musicisti_del_Duomo_di_Milano		1275677
0	Pietà_Bandini	Opere_già_nella_cattedrale_di_Santa_Maria_del_Fiore|Sculture_nel_Museo_dell'Opera_del_Duomo_di_Firenze		452891
0	Pieve_di_San_Pietro_in_Carnia	Cattedrali_del_Friuli-Venezia_Giulia		2531002
0	Porta_del_Paradiso	Sculture_nel_Museo_dell'Opera_del_Duomo_di_Firenze		675770
0	Porta_della_Mandorla	Cattedrale_di_Santa_Maria_del_Fiore		2314420
0	Porta_di_San_Ranieri	Duomo_di_Pisa		4032350
0	Presa_di_possesso	Basilica_di_San_Giovanni_in_Laterano		1871313
0	Presentazione_al_Tempio_(Ghiberti)	Vetrate_di_Santa_Maria_del_Fiore		3678242
0	Primicerio_della_basilica_di_San_Marco	Basilica_di_San_Marco_(Venezia)		627932
0	Profeta_imberbe	Opere_già_nel_campanile_di_Giotto|Sculture_nel_Museo_dell'Opera_del_Duomo_di_Firenze		2385076
0	Profeta_pensieroso	Opere_già_nel_campanile_di_Giotto|Sculture_nel_Museo_dell'Opera_del_Duomo_di_Firenze		2385143
0	Profetino_(Donatello)	Opere_già_nella_cattedrale_di_Santa_Maria_del_Fiore|Sculture_nel_Museo_dell'Opera_del_Duomo_di_Firenze		2367801
0	Profetino_(Nanni_di_Banco)	Opere_già_nel_campanile_di_Giotto|Sculture_nel_Museo_dell'Opera_del_Duomo_di_Firenze		2367795
0	Pulpito_del_duomo_di_Pisa	Duomo_di_Pisa		1212511
0	Pulpito_del_duomo_di_Siena	Duomo_di_Siena		1212584
0	Putti_reggicandela_del_Museo_Jacquemart-André	Opere_già_nella_cattedrale_di_Santa_Maria_del_Fiore		2393214
0	Quadroni_di_San_Carlo	Duomo_di_Milano		490766
0	Resurrezione_(Paolo_Uccello)	Vetrate_di_Santa_Maria_del_Fiore		3678115
0	Roberto_Micconi	Musicisti_della_basilica_di_San_Marco_a_Venezia		1952635
0	Rosmira	Opere_di_Vivaldi		1912744
0	Sacrificio_di_Isacco_(Donatello)	Opere_già_nel_campanile_di_Giotto|Sculture_nel_Museo_dell'Opera_del_Duomo_di_Firenze		2385235
0	Sagrestia_del_Duomo_di_Siena	Duomo_di_Siena		3709034
0	San_Giovanni_Battista_(Donatello_Siena)	Duomo_di_Siena		2371154
0	San_Giovanni_Evangelista_(Donatello)	Opere_già_nella_cattedrale_di_Santa_Maria_del_Fiore|Sculture_nel_Museo_dell'Opera_del_Duomo_di_Firenze		2383543
0	San_Gregorio_(Michelangelo)	Duomo_di_Siena		3109348
0	San_Lorenzo_in_trono_tra_quattro_angeli	Vetrate_di_Santa_Maria_del_Fiore		3678179
0	San_Luca_(Nanni_di_Banco)	Opere_già_nel_campanile_di_Giotto|Sculture_nel_Museo_dell'Opera_del_Duomo_di_Firenze		2367755
0	San_Paolo_(Michelangelo)	Duomo_di_Siena		3109316
0	San_Paolo_in_trono	Dipinti_nel_Museo_dell'Opera_del_Duomo_di_Siena		4148383
0	San_Pietro_(Michelangelo)	Duomo_di_Siena		3109324
0	San_Pio_(Michelangelo)	Duomo_di_Siena		3109335
0	Santo_Stefano_in_trono_tra_quattro_angeli	Vetrate_di_Santa_Maria_del_Fiore		3678198
0	Santuario_della_Beata_Vergine_del_Rosario_di_Pompei	Cattedrali_della_Campania		1210382
0	Scala_Santa	Basilica_di_San_Giovanni_in_Laterano		753809
0	Scanderbeg_(opera)	Opere_di_Vivaldi		1248681
14	Sculture_nel_Museo_dell'Opera_del_Duomo_di_Firenze	Opere_nel_Museo_dell'Opera_del_Duomo_di_Firenze		3025823
0	Sei_concerti,_Op._10_(Vivaldi)	Composizioni_di_Antonio_Vivaldi		3110955
0	Sei_concerti,_Op._11_(Vivaldi)	Composizioni_di_Antonio_Vivaldi		3111001
0	Sei_concerti,_Op._12_(Vivaldi)	Composizioni_di_Antonio_Vivaldi		3111029
0	Sei_concerti,_Op._6_(Vivaldi)	Composizioni_di_Antonio_Vivaldi		2965746
0	Sei_sonate,_Op._5_(Vivaldi)	Composizioni_di_Antonio_Vivaldi		2965737
0	Semiramide_(Vivaldi)	Opere_di_Vivaldi		1907968
0	Sibilla_(Tino_di_Camaino)	Sculture_nel_Museo_dell'Opera_del_Duomo_di_Firenze		4000379
0	Sonate,_op._1_(Vivaldi)	Composizioni_di_Antonio_Vivaldi		1299858
0	Sonate,_op._2_(Vivaldi)	Composizioni_di_Antonio_Vivaldi		1300518
0	Sonate_per_violoncello_(Vivaldi)	Composizioni_di_Antonio_Vivaldi		2399734
0	Speranza_(Donatello)	Battistero_di_Siena		2390013
0	Speranza_(Tino_di_Camaino)	Sculture_nel_Museo_dell'Opera_del_Duomo_di_Firenze		4000344
0	Stabat_Mater_RV_621	Composizioni_di_Antonio_Vivaldi		1285626
0	Statua_di_Bonifacio_VIII	Opere_già_nella_cattedrale_di_Santa_Maria_del_Fiore|Sculture_nel_Museo_dell'Opera_del_Duomo_di_Firenze		4095225
0	Storie_di_Mosè_ed_Evangelisti	Duomo_di_Pisa		4417105
0	Tempio_Malatestiano	Cattedrali_dell'Emilia-Romagna		787657
0	Tesoro_di_San_Marco	Basilica_di_San_Marco_(Venezia)		2921962
0	Testa_del_Battista_(Tino_di_Camaino)	Sculture_nel_Museo_dell'Opera_del_Duomo_di_Firenze		4000519
0	Teuzzone_(Vivaldi)	Opere_di_Vivaldi		1234305
0	Torre_pendente_di_Pisa	Duomo_di_Pisa		15578
0	Triclinium_Leoninum	Basilica_di_San_Giovanni_in_Laterano		1353903
0	Veneranda_fabbrica_del_Duomo_di_Milano	Duomo_di_Milano		366303
0	Vetrata_del_Duomo_di_Siena	Duomo_di_Siena|Opere_nel_Museo_dell'Opera_del_Duomo_di_Siena		3030103
0	Vetrate_del_duomo_di_Milano	Duomo_di_Milano		4500223
14	Vetrate_di_Santa_Maria_del_Fiore	Cattedrale_di_Santa_Maria_del_Fiore		3678139
0	Vincenzo_Ruffo_(compositore)	Musicisti_del_Duomo_di_Milano		114844
0	Zuccone	Opere_già_nel_campanile_di_Giotto|Sculture_nel_Museo_dell'Opera_del_Duomo_di_Firenze		2385328
